{
    "now": "2025-12-14T11:48:15.648Z",
    "perfNow": 27131438.100000024,
    "diagnosticCorrelation": "9b054b03-cedd-4984-bcd8-49bafb0e1632",
    "source": "DownloadSupportFiles",
    "environment": {
        "productName": "adf",
        "buildVersion": "1.0.112525.8",
        "environmentType": 3,
        "resourceName": "nyc-taxi-azure-data-factory",
        "resourceRegion": "southeastasia",
        "resourceGroup": "NYC_TAXI_RG",
        "subscriptionId": "e2b951a9-a146-4eee-852b-013e70a29a1c",
        "sessionId": "b62vMOwaSPPEk1jMGRg3es",
        "operationId": "",
        "gitType": "live",
        "loggingKey": "5a9055cc-31ee-4238-86a1-742745ee0c81"
    },
    "additionalInfo": {
        "selectedResource": "Incremental Loading Pipeline",
        "selectedResourceType": "pipeline"
    }
}