{
    "name": "Incremental Loading Pipeline 2",
    "properties": {
        "activities": [
            {
                "name": "Get Metadata - LastModified2",
                "type": "GetMetadata",
                "dependsOn": [],
                "policy": {
                    "timeout": "0.12:00:00",
                    "retry": 0,
                    "retryIntervalInSeconds": 30,
                    "secureOutput": false,
                    "secureInput": false
                },
                "userProperties": [],
                "typeProperties": {
                    "dataset": {
                        "referenceName": "ds_last_modified",
                        "type": "DatasetReference",
                        "parameters": {
                            "param_container": "company-raw-data",
                            "param_folder": "trip-data",
                            "param_file": "green_tripdata_2024-03.parquet"
                        }
                    },
                    "fieldList": [
                        "lastModified"
                    ],
                    "storeSettings": {
                        "type": "AzureBlobFSReadSettings",
                        "enablePartitionDiscovery": false
                    },
                    "formatSettings": {
                        "type": "ParquetReadSettings"
                    }
                }
            },
            {
                "name": "Set variable",
                "type": "SetVariable",
                "dependsOn": [
                    {
                        "activity": "Get Metadata - LastModified2",
                        "dependencyConditions": [
                            "Succeeded"
                        ]
                    }
                ],
                "policy": {
                    "secureOutput": false,
                    "secureInput": false
                },
                "userProperties": [],
                "typeProperties": {
                    "variableName": "temp_value",
                    "value": {
                        "value": "@activity('Get Metadata - LastModified2').output.lastModified",
                        "type": "Expression"
                    }
                }
            }
        ],
        "variables": {
            "temp_value": {
                "type": "String"
            }
        },
        "annotations": []
    }
}