{
    "now": "2025-12-14T11:48:22.989Z",
    "perfNow": 27138779,
    "diagnosticCorrelation": "45eb91a5-1a8d-4093-b1ae-4603571d31a9",
    "source": "DownloadSupportFiles",
    "environment": {
        "productName": "adf",
        "buildVersion": "1.0.112525.8",
        "environmentType": 3,
        "resourceName": "nyc-taxi-azure-data-factory",
        "resourceRegion": "southeastasia",
        "resourceGroup": "NYC_TAXI_RG",
        "subscriptionId": "e2b951a9-a146-4eee-852b-013e70a29a1c",
        "sessionId": "b62vMOwaSPPEk1jMGRg3es",
        "operationId": "",
        "gitType": "live",
        "loggingKey": "5a9055cc-31ee-4238-86a1-742745ee0c81"
    },
    "additionalInfo": {
        "selectedResource": "Incremental Loading Pipeline 2",
        "selectedResourceType": "pipeline"
    }
}